id,first_name,last_name,email,gender,password
1,Donalt,Wehden,dwehden0@wikimedia.org,Male,xS8?3!ooQH0ON
2,Baily,Macklin,bmacklin1@is.gd,Male,hU9=4>wNm
3,Jamill,Beatty,jbeatty2@ucsd.edu,Male,"hZ1,?D2E<u5"
4,Birdie,Swindley,bswindley3@youtube.com,Female,gA3'Y4ycNi
5,Ede,Ebbings,eebbings4@purevolume.com,Female,fP3|V%|@OlpU'l.e
6,Tremain,Ecob,tecob5@posterous.com,Male,"pV0'=5g|"""
7,Moselle,Beldum,mbeldum6@hostgator.com,Agender,hJ0|OnBZva0b9
8,Milo,Hartley,mhartley7@prlog.org,Male,"bV6`w)p,+jdU,'z"
9,Margalit,O'Cullen,mocullen8@mysql.com,Female,rT1)#_c0>hcJB#K
10,Putnam,Stanworth,pstanworth9@sciencedaily.com,Male,"gI7_&pMVHD/(,k"
